{"nodes":{"node:1":{"location":{"x":0,"y":600}},"node:16":{"location":{"x":800,"y":480}},"node:23":{"location":{"x":800,"y":720}},"node:3":{"location":{"x":400,"y":600}},"node:31":{"location":{"x":800,"y":960}}},"selection":null,"view":{"scroll":{"x":-94.54949951171875,"y":-8.647979736328125},"visible_rect":{"max":{"x":1709.27001953125,"y":1264.5875244140625},"min":{"x":-212.240493774414062,"y":-19.41259765625}},"zoom":0.445482879877090454}}