{"nodes":{"node:1":{"location":{"x":882,"y":711}},"node:3":{"location":{"x":840,"y":428}}},"selection":null,"view":{"scroll":{"x":-46.1818733215332031,"y":-24.6588859558105469},"visible_rect":{"max":{"x":1360.8001708984375,"y":1034.60009765625},"min":{"x":-64.8000869750976562,"y":-34.6001129150390625}},"zoom":0.712682247161865234}}