{"nodes":{"node:1":{"location":{"x":0,"y":600}},"node:10":{"location":{"x":800,"y":240}},"node:16":{"location":{"x":800,"y":480}},"node:23":{"location":{"x":800,"y":720}},"node:3":{"location":{"x":400,"y":600}},"node:31":{"location":{"x":800,"y":960}}},"selection":null,"view":{"scroll":{"x":-53.7425994873046875,"y":25.2936859130859375},"visible_rect":{"max":{"x":1604.5147705078125,"y":1194.58740234375},"min":{"x":-107.485198974609375,"y":50.587371826171875}},"zoom":0.5}}