{"nodes":{"node:1":{"location":{"x":0,"y":600}},"node:10":{"location":{"x":800,"y":240}},"node:16":{"location":{"x":800,"y":480}},"node:23":{"location":{"x":800,"y":720}},"node:3":{"location":{"x":400,"y":600}},"node:31":{"location":{"x":800,"y":960}}},"selection":null,"view":{"scroll":{"x":-427.848358154296875,"y":-285.8609619140625},"visible_rect":{"max":{"x":2001422.25,"y":1337575.25},"min":{"x":-2000004.5,"y":-1336275.375}},"zoom":0.000213923703995533288}}