{"nodes":{"node:1":{"location":{"x":0,"y":600}},"node:10":{"location":{"x":800,"y":240}},"node:16":{"location":{"x":800,"y":480}},"node:23":{"location":{"x":800,"y":720}},"node:3":{"location":{"x":400,"y":600}},"node:31":{"location":{"x":800,"y":960}}},"selection":null,"view":{"scroll":{"x":48.8520011901855469,"y":49.0836219787597656},"visible_rect":{"max":{"x":1705.8206787109375,"y":1170.862548828125},"min":{"x":92.095458984375,"y":92.5321044921875}},"zoom":0.530449628829956055}}