{"nodes":{"node:1":{"location":{"x":0,"y":600}},"node:10":{"location":{"x":800,"y":240}},"node:16":{"location":{"x":800,"y":480}},"node:23":{"location":{"x":800,"y":720}},"node:3":{"location":{"x":400,"y":600}},"node:31":{"location":{"x":800,"y":960}}},"selection":null,"view":{"scroll":{"x":-38.9090919494628906,"y":71.9746627807617188},"visible_rect":{"max":{"x":1483.64990234375,"y":1169.310546875},"min":{"x":-70.6500015258789062,"y":130.689498901367188}},"zoom":0.550730228424072266}}