{"nodes":{"node:1":{"location":{"x":0,"y":600}},"node:10":{"location":{"x":800,"y":240}},"node:16":{"location":{"x":800,"y":480}},"node:23":{"location":{"x":800,"y":720}},"node:3":{"location":{"x":400,"y":600}},"node:31":{"location":{"x":800,"y":960}}},"selection":null,"view":{"scroll":{"x":-182.012542724609375,"y":-119.310081481933594},"visible_rect":{"max":{"x":2695.94970703125,"y":1810.7596435546875},"min":{"x":-728.0501708984375,"y":-477.240325927734375}},"zoom":0.25}}