{"nodes":null,"selection":null,"view":{"scroll":{"x":-189.1051025390625,"y":-66.2096328735351562},"visible_rect":{"max":{"x":1972.250244140625,"y":1495.8056640625},"min":{"x":-559.25244140625,"y":-195.805908203125}},"zoom":0.338139086961746216}}