{"nodes":{"node:1":{"location":{"x":0,"y":300}},"node:11":{"location":{"x":400,"y":400}},"node:4":{"location":{"x":400,"y":200}}},"selection":null,"view":{"scroll":{"x":-279.02093505859375,"y":-53.0416374206542969},"visible_rect":{"max":{"x":1220.84326171875,"y":1098.075927734375},"min":{"x":-590.38677978515625,"y":-112.232017517089844}},"zoom":0.47260698676109314}}