{"nodes":{"node:1":{"location":{"x":0,"y":150}},"node:11":{"location":{"x":400,"y":480}},"node:18":{"location":{"x":400,"y":720}},"node:25":{"location":{"x":400,"y":960}},"node:4":{"location":{"x":400,"y":240}}},"selection":null,"view":{"scroll":{"x":-163.389328002929688,"y":198.996002197265625},"visible_rect":{"max":{"x":346.305328369140625,"y":385.49798583984375},"min":{"x":-81.6946640014648438,"y":99.4980010986328125}},"zoom":2}}