{"nodes":{"node:1":{"location":{"x":-168,"y":588}},"node:11":{"location":{"x":400,"y":480}},"node:18":{"location":{"x":400,"y":720}},"node:25":{"location":{"x":400,"y":960}},"node:4":{"location":{"x":400,"y":240}}},"selection":null,"view":{"scroll":{"x":-275.408203125,"y":-52.2089157104492188},"visible_rect":{"max":{"x":868.85784912109375,"y":777.86932373046875},"min":{"x":-412.149444580078125,"y":-78.1308441162109375}},"zoom":0.668224155902862549}}