{"nodes":{"node:1":{"location":{"x":0,"y":300}},"node:11":{"location":{"x":400,"y":400}},"node:4":{"location":{"x":400,"y":200}}},"selection":null,"view":{"scroll":{"x":-101.573486328125,"y":7.6119384765625},"visible_rect":{"max":{"x":1129.001953125,"y":867.391357421875},"min":{"x":-152.005081176757812,"y":11.3912935256958008}},"zoom":0.6682242751121521}}