{"nodes":{"node:1":{"location":{"x":0,"y":1650}},"node:103":{"location":{"x":1600,"y":2475}},"node:106":{"location":{"x":2000,"y":2475}},"node:11":{"location":{"x":400,"y":400}},"node:112":{"location":{"x":1200,"y":2566}},"node:117":{"location":{"x":1600,"y":2750}},"node:12":{"location":{"x":2712,"y":258}},"node:121":{"location":{"x":1600,"y":3025}},"node:125":{"location":{"x":400,"y":2475}},"node:128":{"location":{"x":800,"y":2828}},"node:132":{"location":{"x":1200,"y":2933}},"node:16":{"location":{"x":3112,"y":167}},"node:22":{"location":{"x":2312,"y":834}},"node:25":{"location":{"x":2712,"y":625}},"node:29":{"location":{"x":400,"y":1650}},"node:32":{"location":{"x":2312,"y":1306}},"node:36":{"location":{"x":2712,"y":992}},"node:4":{"location":{"x":400,"y":200}},"node:41":{"location":{"x":3112,"y":442}},"node:45":{"location":{"x":3112,"y":717}},"node:48":{"location":{"x":3512,"y":717}},"node:54":{"location":{"x":800,"y":1885}},"node:58":{"location":{"x":2712,"y":1358}},"node:6":{"location":{"x":1912,"y":717}},"node:63":{"location":{"x":3112,"y":992}},"node:66":{"location":{"x":2000,"y":1650}},"node:72":{"location":{"x":3112,"y":1267}},"node:77":{"location":{"x":1200,"y":1833}},"node:82":{"location":{"x":1600,"y":1650}},"node:86":{"location":{"x":1600,"y":1925}},"node:9":{"location":{"x":2312,"y":363}},"node:90":{"location":{"x":800,"y":2357}},"node:94":{"location":{"x":1200,"y":2200}},"node:99":{"location":{"x":1600,"y":2200}}},"selection":null,"view":{"scroll":{"x":-229.947906494140625,"y":-35.5868644714355469},"visible_rect":{"max":{"x":4120.34765625,"y":3576.087890625},"min":{"x":-1532.986083984375,"y":-237.245773315429688}},"zoom":0.149999991059303284}}