{"nodes":{"node:1":{"location":{"x":0,"y":600}},"node:10":{"location":{"x":800,"y":240}},"node:16":{"location":{"x":800,"y":480}},"node:23":{"location":{"x":800,"y":720}},"node:3":{"location":{"x":400,"y":600}},"node:31":{"location":{"x":800,"y":960}}},"selection":null,"view":{"scroll":{"x":33.5275764465332031,"y":-56.9738922119140625},"visible_rect":{"max":{"x":2695.538330078125,"y":1560.685302734375},"min":{"x":101.598724365234375,"y":-172.648162841796875}},"zoom":0.329999983310699463}}