{"nodes":{"node:1":{"location":{"x":0,"y":600}},"node:10":{"location":{"x":800,"y":240}},"node:16":{"location":{"x":800,"y":480}},"node:23":{"location":{"x":800,"y":720}},"node:3":{"location":{"x":400,"y":600}},"node:31":{"location":{"x":800,"y":960}}},"selection":["node:23"],"view":{"scroll":{"x":384.435302734375,"y":460.2884521484375},"visible_rect":{"max":{"x":1653.9139404296875,"y":1376.384765625},"min":{"x":512.5804443359375,"y":613.718017578125}},"zoom":0.749999880790710449}}