{"nodes":{"node:1":{"location":{"x":0,"y":600}},"node:10":{"location":{"x":800,"y":240}},"node:16":{"location":{"x":800,"y":480}},"node:23":{"location":{"x":800,"y":720}},"node:3":{"location":{"x":400,"y":600}},"node:31":{"location":{"x":800,"y":960}}},"selection":null,"view":{"scroll":{"x":70.83013916015625,"y":105.81256103515625},"visible_rect":{"max":{"x":1853.6602783203125,"y":1355.6251220703125},"min":{"x":141.6602783203125,"y":211.6251220703125}},"zoom":0.5}}