{"nodes":{"node:1":{"location":{"x":0,"y":600}},"node:11":{"location":{"x":800,"y":480}},"node:15":{"location":{"x":400,"y":600}},"node:19":{"location":{"x":800,"y":720}},"node:23":{"location":{"x":400,"y":900}},"node:27":{"location":{"x":800,"y":960}},"node:3":{"location":{"x":400,"y":300}},"node:7":{"location":{"x":800,"y":240}}},"selection":null,"view":{"scroll":{"x":-176.586090087890625,"y":119.629493713378906},"visible_rect":{"max":{"x":1248.969970703125,"y":1108.300048828125},"min":{"x":-282.969970703125,"y":191.699996948242188}},"zoom":0.624045372009277344}}