{"nodes":{"node:1":{"location":{"x":0,"y":1950}},"node:103":{"location":{"x":1600,"y":3342}},"node:107":{"location":{"x":2000,"y":3250}},"node:110":{"location":{"x":1600,"y":3621}},"node:114":{"location":{"x":2000,"y":3575}},"node:12":{"location":{"x":1200,"y":557}},"node:15":{"location":{"x":1600,"y":278}},"node:18":{"location":{"x":1200,"y":1114}},"node:21":{"location":{"x":1600,"y":557}},"node:24":{"location":{"x":1200,"y":1671}},"node:28":{"location":{"x":1600,"y":835}},"node:32":{"location":{"x":2000,"y":325}},"node:35":{"location":{"x":1600,"y":1114}},"node:39":{"location":{"x":2000,"y":650}},"node:42":{"location":{"x":1600,"y":1392}},"node:46":{"location":{"x":2000,"y":975}},"node:49":{"location":{"x":1200,"y":2228}},"node:53":{"location":{"x":1600,"y":1671}},"node:57":{"location":{"x":2000,"y":1300}},"node:60":{"location":{"x":1600,"y":1950}},"node:64":{"location":{"x":2000,"y":1625}},"node:67":{"location":{"x":1600,"y":2228}},"node:71":{"location":{"x":2000,"y":1950}},"node:74":{"location":{"x":1600,"y":2507}},"node:78":{"location":{"x":2000,"y":2275}},"node:8":{"location":{"x":800,"y":1950}},"node:81":{"location":{"x":1200,"y":2785}},"node:85":{"location":{"x":1600,"y":2785}},"node:89":{"location":{"x":2000,"y":2600}},"node:92":{"location":{"x":1600,"y":3064}},"node:96":{"location":{"x":2000,"y":2925}},"node:99":{"location":{"x":1200,"y":3342}}},"selection":null,"view":{"scroll":{"x":-58.4457511901855469,"y":500.456695556640625},"visible_rect":{"max":{"x":1915.1087646484375,"y":2524.91357421875},"min":{"x":-116.891517639160156,"y":1000.91351318359375}},"zoom":0.499999970197677612}}